{"cameraMode":{"drawMode":0,"name":"Shaded","section":"Shading Mode"},"sceneLighting":true,"audioPlay":false,"sceneViewState":{"m_AlwaysRefresh":false,"showFog":true,"showSkybox":true,"showFlares":true,"showImageEffects":true,"showParticleSystems":true,"showVisualEffectGraphs":true,"m_FxEnabled":true},"in2DMode":false,"pivot":{"x":10.85765266418457,"y":2.309023857116699,"z":-5.572746276855469},"rotation":{"x":0.00001062354385794606,"y":0.9999920725822449,"z":0.0026901112869381906,"w":-0.004199632443487644},"size":16.23501205444336,"orthographic":false}